{
	"class_name" : "PinholeCameraParameters",
	"extrinsic" : 
	[
		-0.45420394040555978,
		0.73849420843721481,
		-0.4983222698462858,
		0.0,
		0.25987211248963676,
		-0.42519764778462282,
		-0.86699102963559982,
		0.0,
		-0.85215331113024284,
		-0.52329080292234798,
		0.0012123970670098708,
		0.0,
		2.5074736222322667,
		-1.1743068987851113,
		18.965205381654666,
		1.0
	],
	"intrinsic" : 
	{
		"height" : 1080,
		"intrinsic_matrix" : 
		[
			935.30743608719399,
			0.0,
			0.0,
			0.0,
			935.30743608719399,
			0.0,
			959.5,
			539.5,
			1.0
		],
		"width" : 1920
	},
	"version_major" : 1,
	"version_minor" : 0
}